Título,Empresa,Descripción2,Descripción
Ref. 20727: Analista QA Jr,Ref. 20727: Analista QA Jr,Sin descripción,Sin descripción
Analista Jr de Liquidaciones de sueldos,Analista Jr de Liquidaciones de sueldos,Sin descripción,Sin descripción
Ingeniero Mecánico Junior para importante empresa constructora,Ingeniero Mecánico Junior para importante empresa constructora,Sin descripción,Sin descripción
Jr. de comercio exterior,Jr. de comercio exterior,Sin descripción,Sin descripción
"Administrativo Jr para Comercio Exterior / San Andrés, PBA Ref: 21169","Administrativo Jr para Comercio Exterior / San Andrés, PBA Ref: 21169",Sin descripción,Sin descripción
Ref. 21169: Administrativo Jr. Comercio Exterior / San Andres Prov. Bs As,Ref. 21169: Administrativo Jr. Comercio Exterior / San Andres Prov. Bs As,Sin descripción,Sin descripción
Trainee informático JR / CABA,Trainee informático JR / CABA,Sin descripción,Sin descripción
Auxiliar Contable,Auxiliar Contable,Sin descripción,Sin descripción
Ingeniero Civil Junior,Ingeniero Civil Junior,Sin descripción,Sin descripción
Analista Jr de reclutamiento y selección de personal,Analista Jr de reclutamiento y selección de personal,Sin descripción,Sin descripción
Técnico/as Electromecánicos Junior zona San Justo,Técnico/as Electromecánicos Junior zona San Justo,Sin descripción,Sin descripción
Auxiliar de tesorería JR (Burzaco),Auxiliar de tesorería JR (Burzaco),Sin descripción,Sin descripción
Access Management  Seg Informatica JR CABA,Access Management  Seg Informatica JR CABA,Sin descripción,Sin descripción
Abogado Tributarista Junior,Abogado Tributarista Junior,Sin descripción,Sin descripción
Ingeniero/a JR,Ingeniero/a JR,Sin descripción,Sin descripción
abogado/a junior,abogado/a junior,Sin descripción,Sin descripción
Preventista de Autoservicio Oriental con Perfil de Liderazgo,Preventista de Autoservicio Oriental con Perfil de Liderazgo,Sin descripción,Sin descripción
Contador Junior,Contador Junior,Sin descripción,Sin descripción
Analista Liquidador de sueldos. Jr Semi Sr,Analista Liquidador de sueldos. Jr Semi Sr,Sin descripción,Sin descripción
Administrativo/a Contable JR,Administrativo/a Contable JR,Sin descripción,Sin descripción
Junior Data Entry Ing/Tec Electrico La Plata // req203015,Junior Data Entry Ing/Tec Electrico La Plata // req203015,Sin descripción,Sin descripción
Inside Sales IT Jr.,Inside Sales IT Jr.,Sin descripción,Sin descripción
Técnico JR. Mantenimiento Sorter,Técnico JR. Mantenimiento Sorter,Sin descripción,Sin descripción
Dibujante Jr,Dibujante Jr,Sin descripción,Sin descripción
Técnico JR. Mantenimiento Sorter,Técnico JR. Mantenimiento Sorter,Sin descripción,Sin descripción
Comprador Jr.,Comprador Jr.,Sin descripción,Sin descripción
Diseñadora Gráfica Jr.,Diseñadora Gráfica Jr.,Sin descripción,Sin descripción
Diseñadora Gráfica Jr.,Diseñadora Gráfica Jr.,Sin descripción,Sin descripción
Técnico JR. Mantenimiento Sorter,Técnico JR. Mantenimiento Sorter,Sin descripción,Sin descripción
Técnico JR. Mantenimiento Sorter,Técnico JR. Mantenimiento Sorter,Sin descripción,Sin descripción
Analista Contable Jr,Analista Contable Jr,Sin descripción,Sin descripción
Operario/a de produccion JR (laboratorio),Operario/a de produccion JR (laboratorio),Sin descripción,Sin descripción
Ref. 21034 Analista contable jr Don Torcuato Bs As,Ref. 21034 Analista contable jr Don Torcuato Bs As,Sin descripción,Sin descripción
Ref. 21034 Analista contable jr Don Torcuato Bs As,Ref. 21034 Analista contable jr Don Torcuato Bs As,Sin descripción,Sin descripción
REF 1029: Contador Público Junior,REF 1029: Contador Público Junior,Sin descripción,Sin descripción
Diseñador Web UX/UI Jr / Importante Universidad Zona Norte GBA,Diseñador Web UX/UI Jr / Importante Universidad Zona Norte GBA,Sin descripción,Sin descripción
"Técnicos/as JR, para el sector de soldadura","Técnicos/as JR, para el sector de soldadura",Sin descripción,Sin descripción
Diseñador Gráfico Operativo Jr,Diseñador Gráfico Operativo Jr,Sin descripción,Sin descripción
Administrativa tiempo parcial,Administrativa tiempo parcial,Sin descripción,Sin descripción
Tecnico Mantenimiento y Reparación Aire Acondic,Tecnico Mantenimiento y Reparación Aire Acondic,Sin descripción,Sin descripción
Tecnico Mantenimiento y Reparación Aire Acondic,Tecnico Mantenimiento y Reparación Aire Acondic,Sin descripción,Sin descripción
Analista Contable  Jr.,Analista Contable  Jr.,Sin descripción,Sin descripción
Administrativo Contable Jr Zona Norte Córdoba Capital,Administrativo Contable Jr Zona Norte Córdoba Capital,Sin descripción,Sin descripción
Project Analyst Jr.,Project Analyst Jr.,Sin descripción,Sin descripción
"Analista Jr de Control de Gestión (Núñez, CABA) Req206276 (Eventual)","Analista Jr de Control de Gestión (Núñez, CABA) Req206276 (Eventual)",Sin descripción,Sin descripción
Analista Jr. de Payroll,Analista Jr. de Payroll,Sin descripción,Sin descripción
Ref. 20798: Analista Soporte Junior,Ref. 20798: Analista Soporte Junior,Sin descripción,Sin descripción
Asesores Técnicos Comerciales Jr.,Asesores Técnicos Comerciales Jr.,Sin descripción,Sin descripción
Analista Jr. de HR / Soporte HRBPs (req204309) / CABA / Eventual,Analista Jr. de HR / Soporte HRBPs (req204309) / CABA / Eventual,Sin descripción,Sin descripción
Electricista Junior,Electricista Junior,Sin descripción,Sin descripción
Tecnico/a electromecánico junior zona Villa Soldati,Tecnico/a electromecánico junior zona Villa Soldati,Sin descripción,Sin descripción
Técnico JR. Mantenimiento Sorter,Técnico JR. Mantenimiento Sorter,Sin descripción,Sin descripción
Técnico/as Electromecánicos Junior zona San Justo,Técnico/as Electromecánicos Junior zona San Justo,Sin descripción,Sin descripción
Comprador Jr. San Martín,Comprador Jr. San Martín,Sin descripción,Sin descripción
Administrativa/o Contable Junior,Administrativa/o Contable Junior,Sin descripción,Sin descripción
Técnicos Jr,Técnicos Jr,Sin descripción,Sin descripción
Contador Junior,Contador Junior,Sin descripción,Sin descripción
Analista de Inventarios Junior (Florida),Analista de Inventarios Junior (Florida),Sin descripción,Sin descripción
Estudiante de Abogacia /Abogado Junior,Estudiante de Abogacia /Abogado Junior,Sin descripción,Sin descripción
Analista Junior de Produccion (PCP),Analista Junior de Produccion (PCP),Sin descripción,Sin descripción
Ingeniero de Proceso,Ingeniero de Proceso,Sin descripción,Sin descripción
Analista Contable Jr,Analista Contable Jr,Sin descripción,Sin descripción
Técnico electromecánico/ Ing Electromecánico junior,Técnico electromecánico/ Ing Electromecánico junior,Sin descripción,Sin descripción
Analista Payroll Jr,Analista Payroll Jr,Sin descripción,Sin descripción
Abogados Senior / junior,Abogados Senior / junior,Sin descripción,Sin descripción
Analista Contable,Analista Contable,Sin descripción,Sin descripción
Analista Generalista de Recursos Humanos,Analista Generalista de Recursos Humanos,Sin descripción,Sin descripción
Asistente de Administración y Finanzas Junior,Asistente de Administración y Finanzas Junior,Sin descripción,Sin descripción
Analista de RR. HH Jr,Analista de RR. HH Jr,Sin descripción,Sin descripción
Diseñador/a Industrial Junior,Diseñador/a Industrial Junior,Sin descripción,Sin descripción
Tecnico de mantenimiento JR Zona Burzaco,Tecnico de mantenimiento JR Zona Burzaco,Sin descripción,Sin descripción
Comprador Técnico Jr,Comprador Técnico Jr,Sin descripción,Sin descripción
Analista de cuentas Jr.,Analista de cuentas Jr.,Sin descripción,Sin descripción
Administrativo de compras junior,Administrativo de compras junior,Sin descripción,Sin descripción
Soporte Técnico JR,Soporte Técnico JR,Sin descripción,Sin descripción
Soporte Técnico OnSite Jr,Soporte Técnico OnSite Jr,Sin descripción,Sin descripción
"Sales Executive Cargas Internaciones Jr / Híbrido / Centro, CABA Ref: 20868","Sales Executive Cargas Internaciones Jr / Híbrido / Centro, CABA Ref: 20868",Sin descripción,Sin descripción
Técnico/a electromecánico junior zona Lomas del Mirador,Técnico/a electromecánico junior zona Lomas del Mirador,Sin descripción,Sin descripción
Analista de Operaciones Logísticas JR.,Analista de Operaciones Logísticas JR.,Sin descripción,Sin descripción
Analista Funcional Jr /QA,Analista Funcional Jr /QA,Sin descripción,Sin descripción
Project Manager Junior Sector EdTech,Project Manager Junior Sector EdTech,Sin descripción,Sin descripción
"653Be  Diseñador/a Grafico JR, Retail Rubro Hogar, Modalidad Hibrida","653Be  Diseñador/a Grafico JR, Retail Rubro Hogar, Modalidad Hibrida",Sin descripción,Sin descripción
Analista Técnico Junior  Datos Sistemas  Fintech,Analista Técnico Junior  Datos Sistemas  Fintech,Sin descripción,Sin descripción
Analista de Compras JR Permanente,Analista de Compras JR Permanente,Sin descripción,Sin descripción
Asistente Jr. Community Manager/ Part time/ Caba,Asistente Jr. Community Manager/ Part time/ Caba,Sin descripción,Sin descripción
Administrativo de Compras Jr,Administrativo de Compras Jr,Sin descripción,Sin descripción
Contador Jr,Contador Jr,Sin descripción,Sin descripción
Analista Jr. de Procesos y Proyectos Comerciales – Experiencia de Cliente,Analista Jr. de Procesos y Proyectos Comerciales – Experiencia de Cliente,Sin descripción,Sin descripción
Asesor de vendas,Asesor de vendas,Sin descripción,Sin descripción
Arquitecto/a Jr,Arquitecto/a Jr,Sin descripción,Sin descripción
Auxiliar de RRHH,Auxiliar de RRHH,Sin descripción,Sin descripción
"Abogado/a Junior  Derecho Administrativo, Empresa de Energía","Abogado/a Junior  Derecho Administrativo, Empresa de Energía",Sin descripción,Sin descripción
Analista de Finanzas / Con 2 años de Experiencia  / Contador Jr o Estudiante avanzado,Analista de Finanzas / Con 2 años de Experiencia  / Contador Jr o Estudiante avanzado,Sin descripción,Sin descripción
Contador Junior,Contador Junior,Sin descripción,Sin descripción
Analista de Gestión de Pedidos Junior,Analista de Gestión de Pedidos Junior,Sin descripción,Sin descripción
Vendedor Junior,Vendedor Junior,Sin descripción,Sin descripción
Operarios metalúrgicos Jr,Operarios metalúrgicos Jr,Sin descripción,Sin descripción
Operarios metalúrgicos Jr con secundario técnico,Operarios metalúrgicos Jr con secundario técnico,Sin descripción,Sin descripción
Contador/a Público Jr.,Contador/a Público Jr.,Sin descripción,Sin descripción
Analista Administrativo RRHH Jr.,Analista Administrativo RRHH Jr.,Sin descripción,Sin descripción
